<odoo>
    <data>
        <record id="demo_delivery_third" model="delivery.carrier">
            <field name="name">Third Party Truck</field>
            <field name="fixed_price">100</field>
            <field name="amount">1000</field>
        </record>

        <record id="demo_delivery_Own" model="delivery.carrier">
            <field name="name">Own Truck</field>
            <field name="fixed_price">100</field>
            <field name="amount">1000</field>
        </record>

        <record id="demo_delivery_Customer" model="delivery.carrier">
            <field name="name">Customer Truck</field>
            <field name="fixed_price">100</field>
            <field name="amount">1000</field>
        </record>
    </data>
</odoo>